<?xml version="1.0" encoding="UTF-8"?>
<!DOCTYPE mapper PUBLIC "-//mybatis.org//DTD Mapper 3.0//EN" "http://mybatis.org/dtd/mybatis-3-mapper.dtd">

<mapper namespace="com.js.amo.dao.ConsultantDao">

	<resultMap type="com.js.amo.domain.Consultant" id="Consultant">
		<result    column="c_id"  property="c_id"/>
		<result  column="subCat" property="subCat"/>
		<result  column="mainCat" property="mainCat"/>
		<result  column="specialization" property="specialization"/>
		 <!-- <collection property="listForms"  column="f_id" select="getUserForm" autoMapping="true" ></collection> --> 
			<collection property="listForms"  ofType="com.js.amo.domain.Form">
			<result column="status" property="status"/> 
			<result column="height" property="height"/>
			<result column="weight"  property="weight" />
			<result  column="subCat"  property="subCat"/>
			<result  column="mainCat" property="mainCat"/>
			
		</collection>
		 
	</resultMap>

	<insert id="saveConsultant"  parameterType="com.js.amo.domain.Consultant">
	
	insert into consultant (experience,mainCat,specialization,subCat,userId) 
		values(#{experience},#{mainCat},#{specialization},#{subCat},#{userId})
	</insert>
	
	<select id="getUserForm">
		select * from userform where 
	
	</select>
	
	<select id="getForms" parameterType="com.js.amo.domain.Consultant" resultMap="Consultant">
		select c.*,f.* from consultant c, userform f where c.subCat=f.subCat and c.mainCat=f.mainCat and f.status=0
	</select>

</mapper>