<?xml version="1.0" encoding="UTF-8"?>
<!DOCTYPE mapper PUBLIC "-//mybatis.org//DTD Mapper 3.0//EN" "http://mybatis.org/dtd/mybatis-3-mapper.dtd">

<mapper namespace="com.js.amo.dao.UserDao">
	<select id="getUserDetailsByUserName" resultType="com.js.amo.domain.User"
		parameterType="String">
		SELECT * FROM users WHERE email=#{email}
	</select>
	
	<insert id="saveUser" parameterType="com.js.amo.domain.User">
		INSERT INTO
		users (firstName,lastName,email,password,address,role,gender,number,createdAt)
		VALUES
		(#{firstName},#{lastName},#{email},#{password},#{address},#{role},#{gender},#{number},NOW())
	</insert>
	
	<update id="deActivateUser" parameterType="String">
		update users set
		verification = 0 where email=#{email}
	</update>

	<update id="activateUser" parameterType="String">
		update users set
		verification = 1 where email=#{email}
	</update>
	
	<select id="validateEmail" resultType="int" parameterType="String">
		SELECT count(email) FROM users where email=#{email}
	</select>
	
	<update id="updateToken" parameterType="com.js.amo.domain.VerifyToken">
		update users set token=#{token} ,expiryDate=#{expiryDate},role=#{role},confirmed=#{user.confirmed} where email=#{user.email}
	</update>
	
	<!-- <update id="updateUser" parameterType="com.js.amo.domain.User">

	UPDATE users SET
	firstName= #{firstName},lastName = #{lastName},location=#{location},middleName= #{middleName},phone=#{phone},experience=#{experience},
	currentJobTitle=#{currentJobTitle},currentEmployer=#{currentEmployer},currentSalary=#{currentSalary},
	expectedSalary=#{expectedSalary},primarySkills=#{primarySkills},secondarySkills=#{secondarySkills},
	prefredLocations=#{prefredLocations},jobType=#{jobType},workAuthorization=#{workAuthorization},	imagePath=#{imagePath},mailAccount=#{mailAccount}
	WHERE id=#{id}

	</update> -->
	
</mapper>